time,plant_time,heater_on,fan_on,lower_bound,upper_bound,t_heater,ubound_h,lbound_h
1731412131708092000,1731412131635217818,True,True,36.5,37.75,56.8481561790875,57.72013278630745,56.91157688351731
1731412134806157000,1731412134635039742,False,True,36.5,37.75,58.050106560826485,57.72013278630745,56.91157688351731
1731412137738629000,1731412137635095005,False,True,36.5,37.75,57.84103443774786,57.72013278630745,56.91157688351731
1731412140745855000,1731412140645038332,False,True,36.5,37.75,57.63343170809177,57.64383312058314,56.83450870973795
1731412143817655000,1731412143635212891,False,True,36.5,37.75,57.42773145549002,57.72013278630745,56.91157688351731
1731412146787244000,1731412146635303214,False,True,36.5,37.75,57.224208102761786,57.72013278630745,56.91157688351731
1731412149939092000,1731412149795363780,False,True,36.5,37.75,57.023099063936726,57.72013278630745,56.91157688351731
1731412152831152000,1731412152645008555,True,True,36.5,37.75,56.82450451649021,57.64383312058314,56.83450870973795
1731412155798694000,1731412155635398263,False,True,36.5,37.75,58.02096928483161,57.72013278630745,56.91157688351731
1731412158767897000,1731412158675073485,False,True,36.5,37.75,57.811014732684924,57.64383312058314,56.83450870973795
1731412161707960000,1731412161635083839,False,True,36.5,37.75,57.60280788159446,57.72013278630745,56.91157688351731
1731412164809049000,1731412164675319173,False,True,36.5,37.75,57.39654316123145,57.64383312058314,56.83450870973795
1731412167779354000,1731412167635063941,False,True,36.5,37.75,57.19662223788652,57.64383312058314,56.83450870973795
1731412170807589000,1731412170675028083,False,True,36.5,37.75,56.998789494124246,57.64383312058314,56.83450870973795
1731412173820497000,1731412173675315052,True,True,36.5,37.75,56.803278930679845,57.64383312058314,56.83450870973795
1731412176893711000,1731412176685225770,False,True,36.5,37.75,58.002546279776716,57.64383312058314,56.83450870973795
1731412179760178000,1731412179685242985,False,True,36.5,37.75,57.79111221130915,57.64383312058314,56.83450870973795
1731412182832192000,1731412182675351936,False,True,36.5,37.75,57.58154106921829,57.64383312058314,56.83450870973795
1731412185801513000,1731412185675043265,False,True,36.5,37.75,57.38231655604013,57.64383312058314,56.83450870973795
1731412188771528000,1731412188675449247,False,True,36.5,37.75,57.18477953011926,57.64383312058314,56.83450870973795
1731412191843950000,1731412191675348494,False,True,36.5,37.75,56.989209674325245,57.64383312058314,56.83450870973795
1731412194814798000,1731412194676043503,True,True,36.5,37.75,56.79178464409692,57.64383312058314,56.83450870973795
1731412197781980000,1731412197675127534,False,True,36.5,37.75,57.99351730919186,57.64383312058314,56.83450870973795
1731412200752417000,1731412200635134583,False,True,36.5,37.75,57.78028291710403,57.64383312058314,56.83450870973795
1731412203825534000,1731412203675186756,False,True,36.5,37.75,57.57321085590515,57.64383312058314,56.83450870973795
1731412206896076000,1731412206715099261,False,True,36.5,37.75,57.37238165827956,57.72013278630745,56.91157688351731
1731412209865876000,1731412209795335318,False,True,36.5,37.75,57.16948866357423,57.72013278630745,56.91157688351731
1731412212836664000,1731412212675187701,False,True,36.5,37.75,56.96506668282358,57.72013278630745,56.91157688351731
1731412215805064000,1731412215675666784,True,True,36.5,37.75,56.76791675885346,57.72013278630745,56.91157688351731
1731412218774522000,1731412218675262650,False,True,36.5,37.75,57.97005402026551,57.72013278630745,56.91157688351731
1731412221828552000,1731412221715025960,False,True,36.5,37.75,57.76146822591423,57.72013278630745,56.91157688351731
1731412224816846000,1731412224715847476,False,True,36.5,37.75,57.55471937513634,57.72013278630745,56.91157688351731
1731412227785422000,1731412227684998485,False,True,36.5,37.75,57.35009200021486,57.72013278630745,56.91157688351731
1731412230857997000,1731412230715429269,False,True,36.5,37.75,57.14783258743352,57.72013278630745,56.91157688351731
1731412233788717000,1731412233715017384,False,True,36.5,37.75,56.952218303337894,57.72013278630745,56.91157688351731
1731412236899953000,1731412236715114756,True,True,36.5,37.75,56.75081641565408,57.72013278630745,56.91157688351731
1731412239871593000,1731412239715177988,False,True,36.5,37.75,57.95323705567871,57.72013278630745,56.91157688351731
1731412242839104000,1731412242715066376,False,True,36.5,37.75,57.74081179627105,57.72013278630745,56.91157688351731
1731412245808175000,1731412245675303446,False,True,36.5,37.75,57.53471961464633,57.72013278630745,56.91157688351731
1731412248778323000,1731412248675038659,False,True,36.5,37.75,57.33072097607693,57.72013278630745,56.91157688351731
1731412251839787000,1731412251755155676,False,True,36.5,37.75,57.133129002872266,57.72013278630745,56.91157688351731
1731412254819634000,1731412254715036483,False,True,36.5,37.75,56.933608242948274,57.72013278630745,56.91157688351731
1731412257789063000,1731412257675028696,True,True,36.5,37.75,56.74099424200452,57.72013278630745,56.91157688351731
1731412260963773000,1731412260715988022,False,True,36.5,37.75,57.94320303820621,57.72013278630745,56.91157688351731
1731412263821065000,1731412263715498458,False,True,36.5,37.75,57.734808593607035,57.72013278630745,56.91157688351731
1731412266903012000,1731412266675281972,False,True,36.5,37.75,57.528293052415435,57.72013278630745,56.91157688351731
1731412269976603000,1731412269876498943,False,True,36.5,37.75,57.324041145845165,57.79766309180151,56.98988809235764
1731412272842544000,1731412272675152052,False,True,36.5,37.75,57.122176379385074,57.72013278630745,56.91157688351731
1731412275811918000,1731412275685183974,True,True,36.5,37.75,56.923013454286775,57.79766309180151,56.98988809235764
1731412278758921000,1731412278675143999,False,True,36.5,37.75,58.12310340543458,57.79766309180151,56.98988809235764
1731412281776501000,1731412281715950541,False,True,36.5,37.75,57.91244488775303,57.79766309180151,56.98988809235764
1731412284824280000,1731412284715275568,False,True,36.5,37.75,57.703605827753556,57.79766309180151,56.98988809235764
1731412287793357000,1731412287675309895,False,True,36.5,37.75,57.496877809115595,57.79766309180151,56.98988809235764
1731412290799059000,1731412290715262574,False,True,36.5,37.75,57.296578492129626,57.79766309180151,56.98988809235764
1731412293834123000,1731412293715028640,False,True,36.5,37.75,57.09850686139045,57.79766309180151,56.98988809235764
1731412296804545000,1731412296715217622,True,True,36.5,37.75,56.902881339650094,57.79766309180151,56.98988809235764
1731412299876568000,1731412299725325171,False,True,36.5,37.75,58.106274063981076,57.79766309180151,56.98988809235764
1731412302846725000,1731412302715225279,False,True,36.5,37.75,57.89870291249264,57.79766309180151,56.98988809235764
1731412305918110000,1731412305755080888,False,True,36.5,37.75,57.69275332720613,57.79766309180151,56.98988809235764
1731412308887898000,1731412308715115489,False,True,36.5,37.75,57.4887328552319,57.79766309180151,56.98988809235764
1731412311857164000,1731412311715236776,False,True,36.5,37.75,57.28690879557869,57.79766309180151,56.98988809235764
1731412314810176000,1731412314725012430,False,True,36.5,37.75,57.08751221635701,57.79766309180151,56.98988809235764
1731412318000850000,1731412317835369886,True,True,36.5,37.75,56.89074159399232,57.79766309180151,56.98988809235764
1731412320798649000,1731412320715026767,False,True,36.5,37.75,58.09315099615232,57.79766309180151,56.98988809235764
1731412324145704000,1731412323995283588,False,True,36.5,37.75,57.88474193459981,57.79766309180151,56.98988809235764
1731412326911985000,1731412326715348840,False,True,36.5,37.75,57.68214994418563,57.79766309180151,56.98988809235764
1731412329986004000,1731412329875903897,False,True,36.5,37.75,57.48125033961164,57.79766309180151,56.98988809235764
1731412332820969000,1731412332755135512,False,True,36.5,37.75,57.28646080044331,57.79766309180151,56.98988809235764
1731412335818357000,1731412335715070396,False,True,36.5,37.75,57.09354043079955,57.79766309180151,56.98988809235764
1731412338861254000,1731412338794928533,True,True,36.5,37.75,56.902840716834376,57.873962757525824,57.06695626613702
1731412341828344000,1731412341754999169,False,True,36.5,37.75,58.11094805298179,57.873962757525824,57.06695626613702
1731412344932849000,1731412344795292704,False,True,36.5,37.75,57.90789343186444,57.873962757525824,57.06695626613702
1731412347902149000,1731412347765029560,False,True,36.5,37.75,57.706170426176065,57.79766309180151,56.98988809235764
1731412350901697000,1731412350836118860,False,True,36.5,37.75,57.506109989690515,57.79766309180151,56.98988809235764
1731412353841115000,1731412353755138598,False,True,36.5,37.75,57.30810470079074,57.873962757525824,57.06695626613702
1731412356913624000,1731412356755125876,False,True,36.5,37.75,57.11239279970666,57.873962757525824,57.06695626613702
1731412359882317000,1731412359765417951,True,True,36.5,37.75,56.91907548528029,57.79766309180151,56.98988809235764
1731412362954031000,1731412362795179415,False,True,36.5,37.75,58.12482925066869,57.873962757525824,57.06695626613702
1731412365923657000,1731412365755256876,False,True,36.5,37.75,57.915529701505186,57.873962757525824,57.06695626613702
1731412368895167000,1731412368755403573,False,True,36.5,37.75,57.71237231291973,57.873962757525824,57.06695626613702
1731412371864763000,1731412371755179961,False,True,36.5,37.75,57.51102865537314,57.79766309180151,56.98988809235764
1731412374832085000,1731412374715159279,False,True,36.5,37.75,57.31187689136429,57.873962757525824,57.06695626613702
1731412377904065000,1731412377765201093,False,True,36.5,37.75,57.11927266255012,57.873962757525824,57.06695626613702
1731412380978184000,1731412380795053683,True,True,36.5,37.75,56.924788688923854,57.873962757525824,57.06695626613702
1731412383820436000,1731412383755236276,False,True,36.5,37.75,58.129497134376855,57.873962757525824,57.06695626613702
1731412387018203000,1731412386805200838,False,True,36.5,37.75,57.92339254652878,57.873962757525824,57.06695626613702
1731412389989197000,1731412389875191152,False,True,36.5,37.75,57.71903937541584,57.873962757525824,57.06695626613702
1731412392957196000,1731412392795030283,False,True,36.5,37.75,57.52079120832893,57.873962757525824,57.06695626613702
1731412395926315000,1731412395835395669,False,True,36.5,37.75,57.320414661692375,57.873962757525824,57.06695626613702
1731412398907816000,1731412398835480111,False,True,36.5,37.75,57.12670692629445,57.873962757525824,57.06695626613702
1731412401866086000,1731412401755187713,True,True,36.5,37.75,56.93112539252808,57.79766309180151,56.98988809235764
1731412404938320000,1731412404755455628,False,True,36.5,37.75,58.13474417535575,57.79766309180151,56.98988809235764
1731412408019994000,1731412407955360633,False,True,36.5,37.75,57.927663470353934,57.873962757525824,57.06695626613702
1731412410879364000,1731412410795011043,False,True,36.5,37.75,57.72243692843961,57.873962757525824,57.06695626613702
1731412413827246000,1731412413755095386,False,True,36.5,37.75,57.51934342710325,57.873962757525824,57.06695626613702
1731412416919237000,1731412416755199641,False,True,36.5,37.75,57.32265096003615,57.79766309180151,56.98988809235764
1731412419888637000,1731412419755023265,False,True,36.5,37.75,57.12406298329009,57.873962757525824,57.06695626613702
1731412422867379000,1731412422795616680,True,True,36.5,37.75,56.92817452747185,57.79766309180151,56.98988809235764
1731412425929883000,1731412425755229174,False,True,36.5,37.75,58.131632963010546,57.873962757525824,57.06695626613702
1731412428837555000,1731412428765249491,False,True,36.5,37.75,57.92431401669939,57.79766309180151,56.98988809235764
1731412431869642000,1731412431755369469,False,True,36.5,37.75,57.72284584514183,57.79766309180151,56.98988809235764
1731412434878187000,1731412434794950860,False,True,36.5,37.75,57.52733157686565,57.873962757525824,57.06695626613702
1731412437908005000,1731412437835179884,False,True,36.5,37.75,57.333446198051014,57.79766309180151,56.98988809235764
1731412440881009000,1731412440795240169,False,True,36.5,37.75,57.13740248025166,57.79766309180151,56.98988809235764
1731412443952502000,1731412443835065556,True,True,36.5,37.75,56.94792509971499,57.79766309180151,56.98988809235764
1731412447024513000,1731412446795325671,False,True,36.5,37.75,58.15715596576678,57.79766309180151,56.98988809235764
1731412450097254000,1731412449915266914,False,True,36.5,37.75,57.955238750542804,57.873962757525824,57.06695626613702
1731412452963957000,1731412452796593105,False,True,36.5,37.75,57.754766626518325,57.873962757525824,57.06695626613702
1731412455863839000,1731412455795284807,False,True,36.5,37.75,57.55198948668142,57.873962757525824,57.06695626613702
1731412458902959000,1731412458795210408,False,True,36.5,37.75,57.35149632772211,57.79766309180151,56.98988809235764
1731412461947295000,1731412461875246209,False,True,36.5,37.75,57.1575697920043,57.79766309180151,56.98988809235764
1731412464945853000,1731412464805239328,True,True,36.5,37.75,56.96201659685112,57.873962757525824,57.06695626613702
1731412468018418000,1731412467835455982,False,True,36.5,37.75,58.16581865219212,57.873962757525824,57.06695626613702
1731412470986209000,1731412470835236839,False,True,36.5,37.75,57.96301874630257,57.873962757525824,57.06695626613702
1731412473933453000,1731412473835236997,False,True,36.5,37.75,57.76174742166162,57.873962757525824,57.06695626613702
1731412476926152000,1731412476795276727,False,True,36.5,37.75,57.56231174050227,57.873962757525824,57.06695626613702
1731412479998929000,1731412479835120408,False,True,36.5,37.75,57.364978797886,57.873962757525824,57.06695626613702
1731412482967487000,1731412482795309887,False,True,36.5,37.75,57.1699797068698,57.873962757525824,57.06695626613702
1731412485936701000,1731412485835142785,True,True,36.5,37.75,56.97751320879354,57.873962757525824,57.06695626613702
1731412488888690000,1731412488795211848,False,True,36.5,37.75,58.17996497439274,57.79766309180151,56.98988809235764
1731412491980572000,1731412491875343359,False,True,36.5,37.75,57.975937098143575,57.873962757525824,57.06695626613702
1731412494949848000,1731412494835088231,False,True,36.5,37.75,57.77354891322966,57.873962757525824,57.06695626613702
1731412498021547000,1731412497835423520,False,True,36.5,37.75,57.57309730321975,57.873962757525824,57.06695626613702
1731412500902203000,1731412500835200912,False,True,36.5,37.75,57.37484012029215,57.873962757525824,57.06695626613702
1731412503959285000,1731412503835117583,False,True,36.5,37.75,57.187195475278195,57.873962757525824,57.06695626613702
1731412506969661000,1731412506805835040,True,True,36.5,37.75,57.001445590071874,57.873962757525824,57.06695626613702
1731412510001538000,1731412509915245614,False,True,36.5,37.75,58.21420268822906,57.873962757525824,57.06695626613702
1731412512970762000,1731412512836481945,False,True,36.5,37.75,58.00732593156857,57.873962757525824,57.06695626613702
1731412515909968000,1731412515835313197,False,True,36.5,37.75,57.81053862056061,57.873962757525824,57.06695626613702
1731412518928570000,1731412518845221265,False,True,36.5,37.75,57.61114061588361,57.873962757525824,57.06695626613702
1731412521918729000,1731412521835789352,False,True,36.5,37.75,57.41385212165174,57.873962757525824,57.06695626613702
1731412525010810000,1731412524876351662,False,True,36.5,37.75,57.222968273889286,57.873962757525824,57.06695626613702
1731412527921324000,1731412527835170304,True,True,36.5,37.75,57.02607280773304,57.873962757525824,57.06695626613702
1731412530993317000,1731412530835627725,False,True,36.5,37.75,58.22866047673003,57.873962757525824,57.06695626613702
1731412533962650000,1731412533835160694,False,True,36.5,37.75,58.020697268893215,57.873962757525824,57.06695626613702
1731412537035409000,1731412536875364216,False,True,36.5,37.75,57.81472175089522,57.873962757525824,57.06695626613702
1731412540004861000,1731412539845013322,False,True,36.5,37.75,57.61099914135566,57.873962757525824,57.06695626613702
1731412542977038000,1731412542835061434,False,True,36.5,37.75,57.409758532999646,57.873962757525824,57.06695626613702
1731412546049342000,1731412545875200215,False,True,36.5,37.75,57.211196524463936,57.873962757525824,57.06695626613702
1731412549016520000,1731412548884833288,True,True,36.5,37.75,57.0154805097485,57.873962757525824,57.06695626613702
1731412551985664000,1731412551835331825,False,True,36.5,37.75,58.21913654373689,57.873962757525824,57.06695626613702
1731412554930272000,1731412554845206427,False,True,36.5,37.75,58.01627138405925,57.873962757525824,57.06695626613702
1731412557908993000,1731412557835205326,False,True,36.5,37.75,57.81081237914547,57.873962757525824,57.06695626613702
1731412560997097000,1731412560835023944,False,True,36.5,37.75,57.60755588111833,57.873962757525824,57.06695626613702
1731412563940018000,1731412563835223887,False,True,36.5,37.75,57.406735697372085,57.873962757525824,57.06695626613702
1731412567038410000,1731412566805198927,False,True,36.5,37.75,57.212683182270325,57.873962757525824,57.06695626613702
1731412569989130000,1731412569915134667,True,True,36.5,37.75,57.021013965100046,57.873962757525824,57.06695626613702
1731412573080225000,1731412572955893459,False,True,36.5,37.75,58.2242965491881,57.873962757525824,57.06695626613702
1731412575949948000,1731412575875254648,False,True,36.5,37.75,58.01695829214898,57.873962757525824,57.06695626613702
1731412579019150000,1731412578875057243,False,True,36.5,37.75,57.811544358353856,57.873962757525824,57.06695626613702
1731412581989166000,1731412581885223625,False,True,36.5,37.75,57.60832595261321,57.873962757525824,57.06695626613702
1731412584949578000,1731412584875962643,False,True,36.5,37.75,57.411602512674406,57.873962757525824,57.06695626613702
1731412587909292000,1731412587835445377,False,True,36.5,37.75,57.21309183718055,57.873962757525824,57.06695626613702
1731412590951289000,1731412590875194209,True,True,36.5,37.75,57.02154713096325,57.873962757525824,57.06695626613702
1731412593949131000,1731412593875464530,False,True,36.5,37.75,58.22487500511529,57.873962757525824,57.06695626613702
1731412597042500000,1731412596885077909,False,True,36.5,37.75,58.0175754031724,57.873962757525824,57.06695626613702
1731412600011600000,1731412599915085796,False,True,36.5,37.75,57.812194164758324,57.873962757525824,57.06695626613702
1731412602981316000,1731412602875106821,False,True,36.5,37.75,57.61313358314751,57.873962757525824,57.06695626613702
1731412606053419000,1731412605875125044,False,True,36.5,37.75,57.420203565123856,57.873962757525824,57.06695626613702
1731412609018084000,1731412608875306849,False,True,36.5,37.75,57.22515497791724,57.873962757525824,57.06695626613702
1731412612095076000,1731412612005216553,True,True,36.5,37.75,57.03264058594577,57.873962757525824,57.06695626613702
1731412614962149000,1731412614835127773,False,True,36.5,37.75,58.23921484532148,57.873962757525824,57.06695626613702
1731412617931339000,1731412617845388017,False,True,36.5,37.75,58.030749353957695,57.873962757525824,57.06695626613702
1731412621003988000,1731412620875219650,False,True,36.5,37.75,57.824305533597645,57.873962757525824,57.06695626613702
1731412623973033000,1731412623835393500,False,True,36.5,37.75,57.62014579466301,57.873962757525824,57.06695626613702
1731412627046205000,1731412626914937480,False,True,36.5,37.75,57.41849667185305,57.873962757525824,57.06695626613702
1731412630018526000,1731412629915306112,False,True,36.5,37.75,57.223682910198434,57.873962757525824,57.06695626613702
1731412633088683000,1731412632915257110,True,True,36.5,37.75,57.0272492181712,57.873962757525824,57.06695626613702
1731412636057015000,1731412635955287124,False,True,36.5,37.75,58.234372843612086,57.873962757525824,57.06695626613702
1731412639025868000,1731412638875103511,False,True,36.5,37.75,58.02640475584897,57.873962757525824,57.06695626613702
1731412641995890000,1731412641885630307,False,True,36.5,37.75,57.82041119676326,57.873962757525824,57.06695626613702
1731412645102896000,1731412645035288603,False,True,36.5,37.75,57.61665895219977,57.873962757525824,57.06695626613702
1731412648036996000,1731412647875197820,False,True,36.5,37.75,57.415378528533665,57.873962757525824,57.06695626613702
1731412651109443000,1731412650966207730,False,True,36.5,37.75,57.22089827591958,57.873962757525824,57.06695626613702
1731412653957325000,1731412653885379674,True,True,36.5,37.75,57.024766175172005,57.873962757525824,57.06695626613702
1731412657049346000,1731412656875161306,False,True,36.5,37.75,58.228031967291805,57.873962757525824,57.06695626613702
1731412660018544000,1731412659875415774,False,True,36.5,37.75,58.020669879044426,57.873962757525824,57.06695626613702
1731412662989006000,1731412662885356237,False,True,36.5,37.75,57.81522594713733,57.873962757525824,57.06695626613702
1731412666061038000,1731412665885241148,False,True,36.5,37.75,57.6119721625467,57.873962757525824,57.06695626613702
1731412669030212000,1731412668915253833,False,True,36.5,37.75,57.41114375716799,57.873962757525824,57.06695626613702
1731412672102895000,1731412671916223242,False,True,36.5,37.75,57.21294289416994,57.873962757525824,57.06695626613702
1731412675073788000,1731412674915233661,True,True,36.5,37.75,57.01754201059699,57.873962757525824,57.06695626613702
1731412678040476000,1731412677875232335,False,True,36.5,37.75,58.22147173114085,57.873962757525824,57.06695626613702
1731412681010865000,1731412680915229991,False,True,36.5,37.75,58.014712476744506,57.873962757525824,57.06695626613702
1731412684082340000,1731412683965494987,False,True,36.5,37.75,57.80981590804201,57.873962757525824,57.06695626613702
1731412686982946000,1731412686915311837,False,True,36.5,37.75,57.60705912218526,57.873962757525824,57.06695626613702
1731412690150208000,1731412690075044976,False,True,36.5,37.75,57.40668198716125,57.873962757525824,57.06695626613702
1731412693094494000,1731412692915328792,False,True,36.5,37.75,57.20889087542416,57.873962757525824,57.06695626613702
1731412695990028000,1731412695915295525,True,True,36.5,37.75,57.017926959724996,57.873962757525824,57.06695626613702
1731412699032906000,1731412698915177929,False,True,36.5,37.75,58.2218406075023,57.873962757525824,57.06695626613702
1731412702002991000,1731412701914983430,False,True,36.5,37.75,58.01506625416479,57.873962757525824,57.06695626613702
1731412704999418000,1731412704914983116,False,True,36.5,37.75,57.81015548390625,57.873962757525824,57.06695626613702
1731412708146996000,1731412707955181825,False,True,36.5,37.75,57.61145023806401,57.873962757525824,57.06695626613702
1731412711116671000,1731412710955313941,False,True,36.5,37.75,57.410706593772076,57.873962757525824,57.06695626613702
1731412714085671000,1731412713925295839,False,True,36.5,37.75,57.21258172932882,57.873962757525824,57.06695626613702
1731412717058092000,1731412716955018592,True,True,36.5,37.75,57.021313827491305,57.873962757525824,57.06695626613702
1731412720025136000,1731412719925054863,False,True,36.5,37.75,58.22495054030748,57.873962757525824,57.06695626613702
1731412723096979000,1731412722955007543,False,True,36.5,37.75,58.01792383713473,57.873962757525824,57.06695626613702
1731412726079613000,1731412725995594206,False,True,36.5,37.75,57.80871814858296,57.873962757525824,57.06695626613702
1731412729036331000,1731412728915457486,False,True,36.5,37.75,57.60202728123613,57.873962757525824,57.06695626613702
1731412732109891000,1731412731955220642,False,True,36.5,37.75,57.398057141288916,57.873962757525824,57.06695626613702
1731412735078442000,1731412734926002499,False,True,36.5,37.75,57.19698325132875,57.873962757525824,57.06695626613702
1731412738109864000,1731412738035666113,True,True,36.5,37.75,56.998953846116436,57.873962757525824,57.06695626613702
1731412741119552000,1731412740955228117,False,True,36.5,37.75,58.20454247618294,57.873962757525824,57.06695626613702
1731412744089354000,1731412743955090395,False,True,36.5,37.75,57.99512191611235,57.79766309180151,56.98988809235764
1731412747059497000,1731412746925405755,False,True,36.5,37.75,57.787792765499226,57.873962757525824,57.06695626613702
1731412750233879000,1731412750075150607,False,True,36.5,37.75,57.582811489412435,57.873962757525824,57.06695626613702
1731412753101519000,1731412752965028671,False,True,36.5,37.75,57.38039921214997,57.873962757525824,57.06695626613702
1731412756070193000,1731412755955192046,False,True,36.5,37.75,57.18074527730484,57.873962757525824,57.06695626613702
1731412759143465000,1731412758965339693,True,True,36.5,37.75,56.98401047206696,57.873962757525824,57.06695626613702
1731412762115571000,1731412761955031200,False,True,36.5,37.75,58.186714833578236,57.873962757525824,57.06695626613702
1731412765030395000,1731412764955226244,False,True,36.5,37.75,57.97882916000225,57.873962757525824,57.06695626613702
1731412768051132000,1731412767965241834,False,True,36.5,37.75,57.7768573375568,57.79766309180151,56.98988809235764
1731412771123342000,1731412770996862881,False,True,36.5,37.75,57.576765925793495,57.873962757525824,57.06695626613702
1731412774195605000,1731412774035031144,False,True,36.5,37.75,57.37475349955799,57.873962757525824,57.06695626613702
1731412777164946000,1731412776995365626,False,True,36.5,37.75,57.175466697437905,57.873962757525824,57.06695626613702
1731412780134579000,1731412779955291998,True,True,36.5,37.75,56.979069211910236,57.873962757525824,57.06695626613702
1731412783050391000,1731412782965347575,False,True,36.5,37.75,58.182083720719966,57.873962757525824,57.06695626613702
1731412786168797000,1731412786075128500,False,True,36.5,37.75,57.97448342224515,57.873962757525824,57.06695626613702
1731412789074748000,1731412788967073627,False,True,36.5,37.75,57.77287832636889,57.873962757525824,57.06695626613702
1731412792030498000,1731412791955265514,False,True,36.5,37.75,57.56905583586557,57.873962757525824,57.06695626613702
1731412795030271000,1731412794955460586,False,True,36.5,37.75,57.37176617210912,57.873962757525824,57.06695626613702
1731412798080633000,1731412797995096697,False,True,36.5,37.75,57.17678902576139,57.873962757525824,57.06695626613702
1731412801071115000,1731412800995160300,True,True,36.5,37.75,56.98432555552113,57.873962757525824,57.06695626613702
1731412804089595000,1731412803995269879,False,True,36.5,37.75,58.18686755686738,57.873962757525824,57.06695626613702
1731412807060107000,1731412806955211918,False,True,36.5,37.75,57.98290286829991,57.873962757525824,57.06695626613702
1731412810170306000,1731412810085187023,False,True,36.5,37.75,57.780553802743476,57.873962757525824,57.06695626613702
1731412813048433000,1731412812955250703,False,True,36.5,37.75,57.580119936387405,57.873962757525824,57.06695626613702
1731412816030473000,1731412815955213802,False,True,36.5,37.75,57.381861553678505,57.873962757525824,57.06695626613702
1731412819040930000,1731412818955308042,False,True,36.5,37.75,57.18600357066407,57.873962757525824,57.06695626613702
1731412822080737000,1731412821995377095,True,True,36.5,37.75,56.9968040030711,57.873962757525824,57.06695626613702
1731412825139631000,1731412825035290720,False,True,36.5,37.75,58.206393431026456,57.873962757525824,57.06695626613702
1731412828070028000,1731412827995148461,False,True,36.5,37.75,58.00073645928428,57.873962757525824,57.06695626613702
1731412831035709000,1731412830955349340,False,True,36.5,37.75,57.79684815926056,57.873962757525824,57.06695626613702
1731412834099284000,1731412833995194670,False,True,36.5,37.75,57.595014088490544,57.873962757525824,57.06695626613702
1731412837110081000,1731412837035249363,False,True,36.5,37.75,57.39548180152823,57.873962757525824,57.06695626613702
1731412840110649000,1731412840035293137,False,True,36.5,37.75,57.19846465468747,57.873962757525824,57.06695626613702
1731412843110668000,1731412842996277147,True,True,36.5,37.75,57.004145252503925,57.873962757525824,57.06695626613702
1731412846082288000,1731412845995163309,False,True,36.5,37.75,58.204932978746236,57.873962757525824,57.06695626613702
1731412849120031000,1731412849036004856,False,True,36.5,37.75,57.99943720626477,57.873962757525824,57.06695626613702
1731412852213142000,1731412852034928449,False,True,36.5,37.75,57.7956945660116,57.873962757525824,57.06695626613702
1731412855071227000,1731412854995180067,False,True,36.5,37.75,57.59399206442594,57.873962757525824,57.06695626613702
1731412858090331000,1731412858005432695,False,True,36.5,37.75,57.39457857109453,57.873962757525824,57.06695626613702
1731412861070358000,1731412860994981302,False,True,36.5,37.75,57.197668635830084,57.873962757525824,57.06695626613702
1731412864070329000,1731412863995155849,True,True,36.5,37.75,57.003445946334544,57.873962757525824,57.06695626613702
1731412867210766000,1731412867115356750,False,True,36.5,37.75,58.208556964700456,57.95149306301988,57.145267474977345
1731412870349317000,1731412870235504348,False,True,36.5,37.75,57.99874281623732,57.873962757525824,57.06695626613702
1731412873216912000,1731412873085119517,False,True,36.5,37.75,57.79518537633384,57.873962757525824,57.06695626613702
1731412876071068000,1731412875995028669,False,True,36.5,37.75,57.59364785663574,57.873962757525824,57.06695626613702
1731412879158628000,1731412879035222166,False,True,36.5,37.75,57.3943810709101,57.873962757525824,57.06695626613702
1731412882160870000,1731412882075202769,False,True,36.5,37.75,57.19760133199576,57.873962757525824,57.06695626613702
1731412885120723000,1731412885035037601,True,True,36.5,37.75,57.0034939262011,57.873962757525824,57.06695626613702
1731412888167223000,1731412888035340596,False,True,36.5,37.75,58.20860114673863,57.873962757525824,57.06695626613702
1731412891139203000,1731412890995199668,False,True,36.5,37.75,58.00291401097676,57.873962757525824,57.06695626613702
1731412894230983000,1731412894155162643,False,True,36.5,37.75,57.79899380252614,57.873962757525824,57.06695626613702
1731412897070856000,1731412896995050100,False,True,36.5,37.75,57.597126357632455,57.873962757525824,57.06695626613702
1731412900088527000,1731412899995246225,False,True,36.5,37.75,57.39755948081515,57.873962757525824,57.06695626613702
1731412903070778000,1731412902995157879,False,True,36.5,37.75,57.200506752335556,57.873962757525824,57.06695626613702
1731412906070706000,1731412905995319280,True,True,36.5,37.75,57.00615097713271,57.873962757525824,57.06695626613702
1731412909170571000,1731412909085407491,False,True,36.5,37.75,58.21103219513989,57.873962757525824,57.06695626613702
1731412912070809000,1731412911995237259,False,True,36.5,37.75,58.00513937754643,57.873962757525824,57.06695626613702
1731412915090863000,1731412915005261643,False,True,36.5,37.75,57.80113756808557,57.95149306301988,57.145267474977345
1731412918200470000,1731412918035269340,False,True,36.5,37.75,57.59929843281131,57.95149306301988,57.145267474977345
1731412921133068000,1731412920995253248,False,True,36.5,37.75,57.39975136412939,57.873962757525824,57.06695626613702
1731412924160829000,1731412924075245470,False,True,36.5,37.75,57.20271087899023,57.873962757525824,57.06695626613702
1731412927560436000,1731412927436097235,True,True,36.5,37.75,57.00836062876222,57.873962757525824,57.06695626613702
1731412930411192000,1731412930324838661,False,True,36.5,37.75,58.20504602696861,57.873962757525824,57.06695626613702
1731412933131826000,1731412933044961455,False,True,36.5,37.75,57.99573054680464,57.873962757525824,57.06695626613702
1731412936131270000,1731412936045196542,False,True,36.5,37.75,57.78442589127608,57.873962757525824,57.06695626613702
1731412939070582000,1731412938995261235,False,True,36.5,37.75,57.579939415167445,57.873962757525824,57.06695626613702
1731412942124362000,1731412942035005673,False,True,36.5,37.75,57.37384107861641,57.873962757525824,57.06695626613702
1731412945110704000,1731412945035318278,False,True,36.5,37.75,57.17081507425343,57.873962757525824,57.06695626613702
1731412948170681000,1731412948076179494,True,True,36.5,37.75,56.97099394425273,57.873962757525824,57.06695626613702
1731412951110905000,1731412951035301680,False,True,36.5,37.75,58.17087206383085,57.873962757525824,57.06695626613702
1731412954171061000,1731412954035262900,False,True,36.5,37.75,57.96039691495413,57.873962757525824,57.06695626613702
1731412957160225000,1731412957035105275,False,True,36.5,37.75,57.7520902256957,57.873962757525824,57.06695626613702
1731412960181601000,1731412960095154961,False,True,36.5,37.75,57.542071413895506,57.873962757525824,57.06695626613702
1731412963111339000,1731412963035324388,False,True,36.5,37.75,57.33917618639641,57.873962757525824,57.06695626613702
1731412966196389000,1731412966035234834,False,True,36.5,37.75,57.13906579287432,57.873962757525824,57.06695626613702
1731412969343999000,1731412969235158280,True,True,36.5,37.75,56.941899051006054,57.873962757525824,57.06695626613702
1731412972160708000,1731412972076061567,False,True,36.5,37.75,58.14006372042094,57.873962757525824,57.06695626613702
1731412975211825000,1731412975035271255,False,True,36.5,37.75,57.928019037087104,57.873962757525824,57.06695626613702
1731412978112195000,1731412978035175389,False,True,36.5,37.75,57.718273840738675,57.873962757525824,57.06695626613702
1731412981181690000,1731412981095307501,False,True,36.5,37.75,57.51106631507402,57.873962757525824,57.06695626613702
1731412984222221000,1731412984035537477,False,True,36.5,37.75,57.3107314403033,57.873962757525824,57.06695626613702
1731412987221249000,1731412987075194039,False,True,36.5,37.75,57.11295336240104,57.873962757525824,57.06695626613702
1731412990260884000,1731412990155026608,True,True,36.5,37.75,56.917911692758764,57.873962757525824,57.06695626613702
1731412993150796000,1731412993075179121,False,True,36.5,37.75,58.12224917089273,57.95149306301988,57.145267474977345
1731412996170813000,1731412996085071611,False,True,36.5,37.75,57.9118091395257,57.95149306301988,57.145267474977345
1731412999285169000,1731412999205302343,False,True,36.5,37.75,57.70775788306459,57.95149306301988,57.145267474977345
1731413002157003000,1731413002085332936,False,True,36.5,37.75,57.505844509730544,57.95149306301988,57.145267474977345
1731413005103325000,1731413005035224622,False,True,36.5,37.75,57.306307079107526,57.95149306301988,57.145267474977345
1731413008180630000,1731413008035131518,True,True,36.5,37.75,57.10935037354668,57.95149306301988,57.145267474977345
1731413011155229000,1731413011075273384,False,True,36.5,37.75,58.31153414530697,57.95149306301988,57.145267474977345
1731413014118898000,1731413014045307516,False,True,36.5,37.75,58.10286502766827,57.95149306301988,57.145267474977345
1731413017145395000,1731413017075223062,False,True,36.5,37.75,57.89591825286585,57.95149306301988,57.145267474977345
1731413020152890000,1731413020075176600,False,True,36.5,37.75,57.690886479721634,57.873962757525824,57.06695626613702
1731413023155255000,1731413023075229269,False,True,36.5,37.75,57.48814669151147,57.95149306301988,57.145267474977345
1731413026307858000,1731413026155323013,False,True,36.5,37.75,57.28792109294477,57.95149306301988,57.145267474977345
1731413029194753000,1731413029115376901,True,True,36.5,37.75,57.09040011474567,57.95149306301988,57.145267474977345
1731413032388530000,1731413032315392346,False,True,36.5,37.75,58.29619543519147,57.95149306301988,57.145267474977345
1731413035214588000,1731413035075225771,False,True,36.5,37.75,58.09094868657081,57.95149306301988,57.145267474977345
1731413038175324000,1731413038085981553,False,True,36.5,37.75,57.88305477481329,57.95149306301988,57.145267474977345
1731413041122576000,1731413041035293201,False,True,36.5,37.75,57.6854118538872,57.873962757525824,57.06695626613702
1731413044160872000,1731413044074942641,False,True,36.5,37.75,57.489368051927734,57.873962757525824,57.06695626613702
1731413047244118000,1731413047155410845,False,True,36.5,37.75,57.295209692218926,57.873962757525824,57.06695626613702
1731413050235108000,1731413050155020984,False,True,36.5,37.75,57.09905493526456,57.873962757525824,57.06695626613702
1731413053237462000,1731413053075384817,True,True,36.5,37.75,56.90560858275216,57.873962757525824,57.06695626613702
1731413056206725000,1731413056085357916,False,True,36.5,37.75,58.107342247723956,57.873962757525824,57.06695626613702
1731413059194012000,1731413059115950413,False,True,36.5,37.75,57.898660589318,57.873962757525824,57.06695626613702
1731413062148364000,1731413062075320215,False,True,36.5,37.75,57.69208820726632,57.873962757525824,57.06695626613702
1731413065173472000,1731413065075413596,False,True,36.5,37.75,57.48787767797239,57.873962757525824,57.06695626613702
1731413068163076000,1731413068075321351,False,True,36.5,37.75,57.28624665369291,57.873962757525824,57.06695626613702
1731413071160676000,1731413071075335957,False,True,36.5,37.75,57.08738138271585,57.873962757525824,57.06695626613702
1731413074229352000,1731413074115254670,True,True,36.5,37.75,56.88730942042541,57.873962757525824,57.06695626613702
1731413077150632000,1731413077075334209,False,True,36.5,37.75,58.091274536732605,57.95149306301988,57.145267474977345
1731413080203888000,1731413080115153739,False,True,36.5,37.75,57.884710225921985,57.95149306301988,57.145267474977345
1731413083241655000,1731413083075185112,False,True,36.5,37.75,57.68004358863079,57.873962757525824,57.06695626613702
1731413086150724000,1731413086075124444,False,True,36.5,37.75,57.477652736306595,57.95149306301988,57.145267474977345
1731413089160601000,1731413089075555456,False,True,36.5,37.75,57.27776091016751,57.95149306301988,57.145267474977345
1731413092251977000,1731413092115119900,True,True,36.5,37.75,57.080559493903614,57.95149306301988,57.145267474977345
1731413095323677000,1731413095195400739,False,True,36.5,37.75,58.28259612866307,57.95149306301988,57.145267474977345
1731413098200515000,1731413098126094163,False,True,36.5,37.75,58.07386650421543,57.95149306301988,57.145267474977345
1731413101201514000,1731413101114847880,False,True,36.5,37.75,57.862805490955125,57.95149306301988,57.145267474977345
1731413104205747000,1731413104085186488,False,True,36.5,37.75,57.65419252554241,57.95149306301988,57.145267474977345
1731413107270301000,1731413107195161403,False,True,36.5,37.75,57.45237634498005,57.95149306301988,57.145267474977345
1731413110200272000,1731413110115167462,False,True,36.5,37.75,57.25305344168719,57.95149306301988,57.145267474977345
1731413113160408000,1731413113075339200,True,True,36.5,37.75,57.05641449675378,57.95149306301988,57.145267474977345
1731413116160543000,1731413116075432953,False,True,36.5,37.75,58.254941631659065,57.95149306301988,57.145267474977345
1731413119161188000,1731413119075524558,False,True,36.5,37.75,58.04711374473334,57.95149306301988,57.145267474977345
1731413122255465000,1731413122115004500,False,True,36.5,37.75,57.8410448790977,57.95149306301988,57.145267474977345
1731413125202024000,1731413125116542995,False,True,36.5,37.75,57.637026953775184,57.95149306301988,57.145267474977345
1731413128200476000,1731413128125199742,False,True,36.5,37.75,57.43531315616576,57.95149306301988,57.145267474977345
1731413131200439000,1731413131125276862,False,True,36.5,37.75,57.22792642661042,57.95149306301988,57.145267474977345
1731413134339474000,1731413134155223795,True,True,36.5,37.75,57.03215803973248,57.95149306301988,57.145267474977345
1731413137236983000,1731413137125279135,False,True,36.5,37.75,58.22738279526053,57.95149306301988,57.145267474977345
1731413140201070000,1731413140115244585,False,True,36.5,37.75,58.016572600621586,57.95149306301988,57.145267474977345
1731413143268830000,1731413143195200681,False,True,36.5,37.75,57.80374669845402,57.95149306301988,57.145267474977345
1731413146230702000,1731413146155164276,False,True,36.5,37.75,57.59358869696143,57.95149306301988,57.145267474977345
1731413149244886000,1731413149155254294,False,True,36.5,37.75,57.39036003054233,57.95149306301988,57.145267474977345
1731413152201298000,1731413152125160237,False,True,36.5,37.75,57.19393924099101,57.95149306301988,57.145267474977345
1731413155201144000,1731413155115141270,True,True,36.5,37.75,57.00000856085979,57.95149306301988,57.145267474977345
1731413158230260000,1731413158155084265,False,True,36.5,37.75,58.20513095673474,57.95149306301988,57.145267474977345
1731413161272206000,1731413161114943405,False,True,36.5,37.75,57.99518563719247,57.95149306301988,57.145267474977345
1731413164190655000,1731413164116239695,False,True,36.5,37.75,57.79137129776946,57.95149306301988,57.145267474977345
1731413167311631000,1731413167115200304,False,True,36.5,37.75,57.5894663251433,57.95149306301988,57.145267474977345
1731413170281890000,1731413170155023885,False,True,36.5,37.75,57.389735216978224,57.95149306301988,57.145267474977345
1731413173201398000,1731413173115346195,False,True,36.5,37.75,57.192406618614456,57.95149306301988,57.145267474977345
1731413176240829000,1731413176155063327,True,True,36.5,37.75,56.99354644721425,57.95149306301988,57.145267474977345
1731413179288189000,1731413179125318021,False,True,36.5,37.75,58.19832755589108,57.95149306301988,57.145267474977345
1731413182569312000,1731413182155205609,False,True,36.5,37.75,57.99222730321609,57.95149306301988,57.145267474977345
1731413185286628000,1731413185135247133,False,True,36.5,37.75,57.78368756295802,57.95149306301988,57.145267474977345
1731413188303560000,1731413188165168900,False,True,36.5,37.75,57.581624701313004,57.95149306301988,57.145267474977345
1731413191243689000,1731413191165006218,False,True,36.5,37.75,57.37764236656451,57.95149306301988,57.145267474977345
1731413194253445000,1731413194165085734,False,True,36.5,37.75,57.1805857558294,57.95149306301988,57.145267474977345
1731413197194391000,1731413197115132575,True,True,36.5,37.75,56.98199450902729,57.95149306301988,57.145267474977345
1731413200284284000,1731413200205234018,False,True,36.5,37.75,58.18291071010892,57.95149306301988,57.145267474977345
1731413203193513000,1731413203115508495,False,True,36.5,37.75,57.973405493650624,58.0277927287442,57.222335648756726
1731413206233032000,1731413206154992859,False,True,36.5,37.75,57.7659022038144,57.95149306301988,57.145267474977345
1731413209273489000,1731413209195026288,False,True,36.5,37.75,57.560668085046004,57.95149306301988,57.145267474977345
1731413212243485000,1731413212165316999,False,True,36.5,37.75,57.353869068296696,57.95149306301988,57.145267474977345
1731413215193776000,1731413215115239949,False,True,36.5,37.75,57.154186985358365,57.95149306301988,57.145267474977345
1731413218303547000,1731413218215071580,True,True,36.5,37.75,56.957339650911536,57.95149306301988,57.145267474977345
1731413221269587000,1731413221155371608,False,True,36.5,37.75,58.159857142614605,57.95149306301988,57.145267474977345
1731413224234707000,1731413224154626467,False,True,36.5,37.75,57.95171931541235,57.95149306301988,57.145267474977345
1731413227403569000,1731413227195074572,False,True,36.5,37.75,57.74547724853274,57.95149306301988,57.145267474977345
1731413230395139000,1731413230315247540,False,True,36.5,37.75,57.53744647334149,58.0277927287442,57.222335648756726
1731413233193373000,1731413233115141357,False,True,36.5,37.75,57.32810392770134,57.95149306301988,57.145267474977345
1731413236244488000,1731413236165975645,True,True,36.5,37.75,57.12214728044867,58.0277927287442,57.222335648756726
1731413239233652000,1731413239155189521,False,True,36.5,37.75,58.320129616808046,58.0277927287442,57.222335648756726
1731413242564325000,1731413242155217421,False,True,36.5,37.75,58.103508785506584,58.0277927287442,57.222335648756726
1731413245593444000,1731413245516237770,False,True,36.5,37.75,57.89331666406595,58.0277927287442,57.222335648756726
1731413248323519000,1731413248235201573,False,True,36.5,37.75,57.685376027761656,58.0277927287442,57.222335648756726
1731413251234234000,1731413251155199759,False,True,36.5,37.75,57.483991192156985,58.0277927287442,57.222335648756726
1731413254233716000,1731413254155231606,False,True,36.5,37.75,57.28484509479356,57.95149306301988,57.145267474977345
1731413257241513000,1731413257155351998,True,True,36.5,37.75,57.0881574628203,57.95149306301988,57.145267474977345
1731413260314332000,1731413260155386805,False,True,36.5,37.75,58.29050155696929,57.95149306301988,57.145267474977345
1731413263241781000,1731413263155286696,False,True,36.5,37.75,58.08200015826256,58.0277927287442,57.222335648756726
1731413266234316000,1731413266155366491,False,True,36.5,37.75,57.87925377447027,57.95149306301988,57.145267474977345
1731413269261827000,1731413269155230077,False,True,36.5,37.75,57.67405521895843,58.0277927287442,57.222335648756726
1731413272233665000,1731413272155160571,False,True,36.5,37.75,57.479444768236014,58.0277927287442,57.222335648756726
1731413275274275000,1731413275195268359,False,True,36.5,37.75,57.28242628423515,57.95149306301988,57.145267474977345
1731413278243742000,1731413278165704370,True,True,36.5,37.75,57.09198872511057,58.0277927287442,57.222335648756726
1731413281333636000,1731413281255052219,False,True,36.5,37.75,58.2959766791095,57.95149306301988,57.145267474977345
1731413284291654000,1731413284164867583,False,True,36.5,37.75,58.088940265056436,57.95149306301988,57.145267474977345
1731413287273989000,1731413287195217779,False,True,36.5,37.75,57.887601119986776,57.95149306301988,57.145267474977345
1731413290393844000,1731413290315255053,False,True,36.5,37.75,57.68788583599211,58.0277927287442,57.222335648756726
1731413293283658000,1731413293205413192,False,True,36.5,37.75,57.48998275956478,57.95149306301988,57.145267474977345
1731413296233515000,1731413296154992324,False,True,36.5,37.75,57.29426195519826,58.0277927287442,57.222335648756726
1731413299368906000,1731413299235073158,True,True,36.5,37.75,57.10083750845068,57.95149306301988,57.145267474977345
1731413302274300000,1731413302194881182,False,True,36.5,37.75,58.306293601591804,57.95149306301988,57.145267474977345
1731413305275021000,1731413305195894533,False,True,36.5,37.75,58.09652861740787,57.95149306301988,57.145267474977345
1731413308313527000,1731413308235195604,False,True,36.5,37.75,57.896823488359175,57.95149306301988,57.145267474977345
1731413311273965000,1731413311195061185,False,True,36.5,37.75,57.69855343231651,57.95149306301988,57.145267474977345
1731413314273574000,1731413314195457316,False,True,36.5,37.75,57.50202912029233,57.95149306301988,57.145267474977345
1731413317273682000,1731413317195210637,False,True,36.5,37.75,57.30356008234117,58.0277927287442,57.222335648756726
1731413320314904000,1731413320235318492,True,True,36.5,37.75,57.111748152943804,57.95149306301988,57.145267474977345
1731413323274125000,1731413323195252116,False,True,36.5,37.75,58.31466543218454,57.95149306301988,57.145267474977345
1731413326275012000,1731413326194985455,False,True,36.5,37.75,58.10676592863379,57.95149306301988,57.145267474977345
1731413329273904000,1731413329195153358,False,True,36.5,37.75,57.90061884312207,57.95149306301988,57.145267474977345
1731413332324040000,1731413332245324959,False,True,36.5,37.75,57.69651704733018,57.95149306301988,57.145267474977345
1731413335274167000,1731413335195162366,False,True,36.5,37.75,57.49877949853715,57.95149306301988,57.145267474977345
1731413338314247000,1731413338235190739,False,True,36.5,37.75,57.303206483194366,57.95149306301988,57.145267474977345
1731413341314007000,1731413341235304413,True,True,36.5,37.75,57.1100177270427,57.95149306301988,57.145267474977345
1731413344363880000,1731413344204749384,False,True,36.5,37.75,58.31172175409746,57.95149306301988,57.145267474977345
1731413347514307000,1731413347355281512,False,True,36.5,37.75,58.09862607453059,57.95149306301988,57.145267474977345
1731413350313611000,1731413350235095556,False,True,36.5,37.75,57.88777545241382,57.95149306301988,57.145267474977345
1731413353273538000,1731413353195115296,False,True,36.5,37.75,57.67941703193949,57.95149306301988,57.145267474977345
1731413356304739000,1731413356195291638,False,True,36.5,37.75,57.477893825690195,57.95149306301988,57.145267474977345
1731413359274080000,1731413359195129203,False,True,36.5,37.75,57.2788971720345,57.95149306301988,57.145267474977345
1731413362273906000,1731413362195191018,True,True,36.5,37.75,57.08261311473743,57.95149306301988,57.145267474977345
1731413365284336000,1731413365206120852,False,True,36.5,37.75,58.2814540428756,57.95149306301988,57.145267474977345
1731413368334686000,1731413368255296375,False,True,36.5,37.75,58.074031943699005,57.95149306301988,57.145267474977345
1731413371304300000,1731413371215131221,False,True,36.5,37.75,57.87245062455735,57.95149306301988,57.145267474977345
1731413374314213000,1731413374235120371,False,True,36.5,37.75,57.66851531053566,57.95149306301988,57.145267474977345
1731413377366370000,1731413377285327226,False,True,36.5,37.75,57.466927396381976,57.95149306301988,57.145267474977345
1731413380314511000,1731413380235199433,False,True,36.5,37.75,57.26789990051397,57.95149306301988,57.145267474977345
1731413383296547000,1731413383215072763,True,True,36.5,37.75,57.07161501980234,57.95149306301988,57.145267474977345
1731413386335268000,1731413386256174700,False,True,36.5,37.75,58.274612146701806,57.95149306301988,57.145267474977345
1731413389274063000,1731413389196229297,False,True,36.5,37.75,58.06698351341201,58.0277927287442,57.222335648756726
1731413392354276000,1731413392275233941,False,True,36.5,37.75,57.86117161040644,57.95149306301988,57.145267474977345
1731413395459620000,1731413395355023122,False,True,36.5,37.75,57.65746105701325,57.95149306301988,57.145267474977345
1731413398314354000,1731413398235323380,False,True,36.5,37.75,57.45609846488597,57.95149306301988,57.145267474977345
1731413401324929000,1731413401245814869,False,True,36.5,37.75,57.257296245555644,57.95149306301988,57.145267474977345
1731413404314304000,1731413404234389100,True,True,36.5,37.75,57.06123605938286,57.95149306301988,57.145267474977345
1731413407334733000,1731413407195054708,False,True,36.5,37.75,58.26445682583057,57.95149306301988,57.145267474977345
1731413410485376000,1731413410405095065,False,True,36.5,37.75,58.057050361408216,58.0277927287442,57.222335648756726
1731413413293862000,1731413413215404979,False,True,36.5,37.75,57.85145879256579,57.95149306301988,57.145267474977345
1731413416353824000,1731413416275812281,False,True,36.5,37.75,57.64796642116803,57.95149306301988,57.145267474977345
1731413419315138000,1731413419235426805,False,True,36.5,37.75,57.44692352511662,58.0277927287442,57.222335648756726
1731413422314083000,1731413422235328399,False,True,36.5,37.75,57.25249096565193,57.95149306301988,57.145267474977345
1731413425314288000,1731413425235395150,True,True,36.5,37.75,57.06043258795249,57.95149306301988,57.145267474977345
1731413428334168000,1731413428255276534,False,True,36.5,37.75,58.26732027826624,57.95149306301988,57.145267474977345
1731413431355175000,1731413431245249380,False,True,36.5,37.75,58.063275808275584,58.0277927287442,57.222335648756726
1731413434324317000,1731413434245195274,False,True,36.5,37.75,57.86087246642311,58.0277927287442,57.222335648756726
1731413437325668000,1731413437245267813,False,True,36.5,37.75,57.66030306459296,57.95149306301988,57.145267474977345
1731413440333645000,1731413440235034871,False,True,36.5,37.75,57.466006477322445,58.0277927287442,57.222335648756726
1731413443354853000,1731413443275183490,False,True,36.5,37.75,57.2737853020641,58.0277927287442,57.222335648756726
1731413446314082000,1731413446235059759,True,True,36.5,37.75,57.079692666605084,57.95149306301988,57.145267474977345
1731413449314137000,1731413449235156595,False,True,36.5,37.75,58.28473531205626,57.95149306301988,57.145267474977345
1731413453003961000,1731413452255147396,False,True,36.5,37.75,58.078913597928455,57.95149306301988,57.145267474977345
1731413455954210000,1731413455875154085,False,True,36.5,37.75,57.878966092380445,58.0277927287442,57.222335648756726
1731413458349932000,1731413458255814670,False,True,36.5,37.75,57.684781670032656,57.95149306301988,57.145267474977345
1731413461314128000,1731413461235134180,False,True,36.5,37.75,57.492262096124676,58.0277927287442,57.222335648756726
1731413464314348000,1731413464234464325,False,True,36.5,37.75,57.30167760802848,58.0277927287442,57.222335648756726
1731413467362340000,1731413467235035676,True,True,36.5,37.75,57.11326250048075,58.0277927287442,57.222335648756726
1731413470474217000,1731413470395226793,False,True,36.5,37.75,58.31540821936134,58.0277927287442,57.222335648756726
1731413473314027000,1731413473235373859,False,True,36.5,37.75,58.10705516844821,58.0277927287442,57.222335648756726
1731413476364226000,1731413476285036904,False,True,36.5,37.75,57.904801732792976,58.0277927287442,57.222335648756726
1731413479364359000,1731413479285851539,False,True,36.5,37.75,57.70455526225016,58.0277927287442,57.222335648756726
1731413482394472000,1731413482285242756,False,True,36.5,37.75,57.51056635718351,58.0277927287442,57.222335648756726
1731413485368486000,1731413485275108111,False,True,36.5,37.75,57.318638640670905,58.0277927287442,57.222335648756726
1731413488364150000,1731413488285318006,True,True,36.5,37.75,57.12899503729385,58.0277927287442,57.222335648756726
1731413491354403000,1731413491275028427,False,True,36.5,37.75,58.334147140382626,58.0277927287442,57.222335648756726
1731413494315716000,1731413494235393538,False,True,36.5,37.75,58.12847032144724,58.0277927287442,57.222335648756726
1731413497354130000,1731413497275323922,False,True,36.5,37.75,57.92465892695174,58.0277927287442,57.222335648756726
1731413500364229000,1731413500285202769,False,True,36.5,37.75,57.72698851868377,58.0277927287442,57.222335648756726
1731413503394404000,1731413503315040948,False,True,36.5,37.75,57.53128507140532,58.0277927287442,57.222335648756726
1731413506354350000,1731413506275303723,False,True,36.5,37.75,57.33355708121077,57.95149306301988,57.145267474977345
1731413509366560000,1731413509275015929,True,True,36.5,37.75,57.13862033388817,58.0277927287442,57.222335648756726
1731413512394227000,1731413512314982099,False,True,36.5,37.75,58.33894043551872,58.0277927287442,57.222335648756726
1731413515354050000,1731413515275243376,False,True,36.5,37.75,58.12881260722866,57.95149306301988,57.145267474977345
1731413518393952000,1731413518314946240,False,True,36.5,37.75,57.92076870198439,57.95149306301988,57.145267474977345
1731413521422317000,1731413521315220981,False,True,36.5,37.75,57.71506777059648,57.95149306301988,57.145267474977345
1731413524354052000,1731413524284467754,False,True,36.5,37.75,57.50797226335132,58.0277927287442,57.222335648756726
1731413527524330000,1731413527355207586,False,True,36.5,37.75,57.30408009076035,58.0277927287442,57.222335648756726
1731413530514318000,1731413530435433083,True,True,36.5,37.75,57.1035107102364,58.0277927287442,57.222335648756726
1731413533354497000,1731413533275184168,False,True,36.5,37.75,58.30274664364105,58.0277927287442,57.222335648756726
1731413536364593000,1731413536285048794,False,True,36.5,37.75,58.09172463692291,58.0277927287442,57.222335648756726
1731413539403482000,1731413539315327399,False,True,36.5,37.75,57.882956695925586,58.0277927287442,57.222335648756726
1731413542394419000,1731413542315471393,False,True,36.5,37.75,57.67668391311101,58.0277927287442,57.222335648756726
1731413545362647000,1731413545275186965,False,True,36.5,37.75,57.47717837978,58.0277927287442,57.222335648756726
1731413548364353000,1731413548285137580,False,True,36.5,37.75,57.280197973487205,58.0277927287442,57.222335648756726
1731413551394671000,1731413551315139172,True,True,36.5,37.75,57.081859140161875,58.0277927287442,57.222335648756726
1731413554404442000,1731413554325179352,False,True,36.5,37.75,58.28718434623839,58.0277927287442,57.222335648756726
1731413557354678000,1731413557275075761,False,True,36.5,37.75,58.07758005198038,58.0277927287442,57.222335648756726
1731413560354426000,1731413560274999721,False,True,36.5,37.75,57.86603273884059,58.0277927287442,57.222335648756726
1731413563395857000,1731413563315144173,False,True,36.5,37.75,57.66540991498284,58.0277927287442,57.222335648756726
1731413566465033000,1731413566315163118,False,True,36.5,37.75,57.46292398149784,58.0277927287442,57.222335648756726
1731413569422596000,1731413569315321994,False,True,36.5,37.75,57.26728092527297,58.0277927287442,57.222335648756726
1731413572394710000,1731413572315370153,True,True,36.5,37.75,57.07015566449391,58.0277927287442,57.222335648756726
1731413575394841000,1731413575315303653,False,True,36.5,37.75,58.27251716441093,58.0277927287442,57.222335648756726
1731413578394532000,1731413578315215308,False,True,36.5,37.75,58.06433153718454,58.0277927287442,57.222335648756726
1731413581434682000,1731413581355100554,False,True,36.5,37.75,57.85813745024299,58.0277927287442,57.222335648756726
1731413584404646000,1731413584325801385,False,True,36.5,37.75,57.65816117419008,57.95149306301988,57.145267474977345
1731413587524966000,1731413587365203738,False,True,36.5,37.75,57.46022533428333,57.95149306301988,57.145267474977345
1731413590554500000,1731413590445457231,False,True,36.5,37.75,57.26467364884367,58.0277927287442,57.222335648756726
1731413593435725000,1731413593355075157,True,True,36.5,37.75,57.07170036395648,58.0277927287442,57.222335648756726
1731413596399629000,1731413596315163115,False,True,36.5,37.75,58.27785592112469,58.0277927287442,57.222335648756726
1731413599396921000,1731413599315191938,False,True,36.5,37.75,58.073138748880595,58.0277927287442,57.222335648756726
1731413602434448000,1731413602355288285,False,True,36.5,37.75,57.870012930616504,57.95149306301988,57.145267474977345
1731413605384407000,1731413605315230564,False,True,36.5,37.75,57.66888666228446,58.0277927287442,57.222335648756726
1731413608394584000,1731413608325487080,False,True,36.5,37.75,57.46990818536638,57.95149306301988,57.145267474977345
1731413611384674000,1731413611315473829,False,True,36.5,37.75,57.273411295760155,58.0277927287442,57.222335648756726
1731413614394792000,1731413614315421383,True,True,36.5,37.75,57.07958123165473,58.0277927287442,57.222335648756726
1731413617474479000,1731413617405168969,False,True,36.5,37.75,58.28496025696011,58.0277927287442,57.222335648756726
1731413620444584000,1731413620375091930,False,True,36.5,37.75,58.07953937645092,58.0277927287442,57.222335648756726
1731413623394671000,1731413623316198050,False,True,36.5,37.75,57.875879875948385,58.0277927287442,57.222335648756726
1731413626434824000,1731413626365046356,False,True,36.5,37.75,57.6742676069938,58.0277927287442,57.222335648756726
1731413629424688000,1731413629355188224,False,True,36.5,37.75,57.474950400935406,58.0277927287442,57.222335648756726
1731413632384497000,1731413632314910863,False,True,36.5,37.75,57.27814187499663,58.0277927287442,57.222335648756726
1731413635394541000,1731413635315066981,True,True,36.5,37.75,57.07989440288848,58.0277927287442,57.222335648756726
1731413638434486000,1731413638354986623,False,True,36.5,37.75,58.277173248616386,58.0277927287442,57.222335648756726
1731413641394961000,1731413641315313220,False,True,36.5,37.75,58.06841860317319,58.0277927287442,57.222335648756726
1731413644394898000,1731413644315237639,False,True,36.5,37.75,57.861709510727856,58.0277927287442,57.222335648756726
1731413647535861000,1731413647355473378,False,True,36.5,37.75,57.65737181766737,58.0277927287442,57.222335648756726
1731413650549969000,1731413650435229852,False,True,36.5,37.75,57.45555885431675,58.0277927287442,57.222335648756726
1731413653394938000,1731413653315387726,False,True,36.5,37.75,57.252333171499146,58.0277927287442,57.222335648756726
1731413656394703000,1731413656326134346,True,True,36.5,37.75,57.05245461441976,58.10532303423826,57.30064685759705
1731413659424594000,1731413659355348914,False,True,36.5,37.75,58.2564260849291,58.0277927287442,57.222335648756726
1731413662435615000,1731413662355387356,False,True,36.5,37.75,58.04557224227726,58.0277927287442,57.222335648756726
1731413665434446000,1731413665354993116,False,True,36.5,37.75,57.83693542384828,58.0277927287442,57.222335648756726
1731413668434937000,1731413668355298810,False,True,36.5,37.75,57.63076069553406,58.0277927287442,57.222335648756726
1731413671443643000,1731413671365177464,False,True,36.5,37.75,57.431323741536865,58.0277927287442,57.222335648756726
1731413674434790000,1731413674355074642,True,True,36.5,37.75,57.238621782522856,58.10532303423826,57.30064685759705
1731413677464868000,1731413677395106969,False,True,36.5,37.75,58.444721432645395,58.10532303423826,57.30064685759705
1731413680474629000,1731413680396133493,False,True,36.5,37.75,58.2396591428664,58.10532303423826,57.30064685759705
1731413683435082000,1731413683354947693,False,True,36.5,37.75,58.02784186297928,58.10532303423826,57.30064685759705
1731413686435121000,1731413686355199091,False,True,36.5,37.75,57.82256632959369,58.10532303423826,57.30064685759705
1731413689434687000,1731413689355216261,False,True,36.5,37.75,57.62376088322868,58.10532303423826,57.30064685759705
1731413692515541000,1731413692446000040,False,True,36.5,37.75,57.42704698342618,58.0277927287442,57.222335648756726
1731413695434754000,1731413695354984365,True,True,36.5,37.75,57.23276116858048,58.10532303423826,57.30064685759705
1731413698435450000,1731413698355258580,False,True,36.5,37.75,58.43747444072817,58.10532303423826,57.30064685759705
1731413701434727000,1731413701365198020,False,True,36.5,37.75,58.22696762510981,58.0277927287442,57.222335648756726
1731413704463002000,1731413704355241173,False,True,36.5,37.75,58.02256402799896,58.10532303423826,57.30064685759705
1731413707555330000,1731413707365117797,False,True,36.5,37.75,57.81994104926428,58.0277927287442,57.222335648756726
1731413710522948000,1731413710435261476,False,True,36.5,37.75,57.619485438457644,58.10532303423826,57.30064685759705
1731413713595195000,1731413713525150617,False,True,36.5,37.75,57.42142833549331,58.10532303423826,57.30064685759705
1731413716474869000,1731413716405369362,True,True,36.5,37.75,57.225968349964376,58.10532303423826,57.30064685759705
1731413719474753000,1731413719396249140,False,True,36.5,37.75,58.4295541183896,58.0277927287442,57.222335648756726
1731413722474754000,1731413722395893663,False,True,36.5,37.75,58.21824057400067,58.10532303423826,57.30064685759705
1731413725445144000,1731413725376157730,False,True,36.5,37.75,58.00891058695576,58.0277927287442,57.222335648756726
1731413728435232000,1731413728355270397,False,True,36.5,37.75,57.801943539908486,58.10532303423826,57.30064685759705
1731413731435957000,1731413731365232777,False,True,36.5,37.75,57.59745797023703,58.0277927287442,57.222335648756726
1731413734475018000,1731413734394937514,False,True,36.5,37.75,57.395658341168954,58.0277927287442,57.222335648756726
1731413737474558000,1731413737405642188,True,True,36.5,37.75,57.19671898305571,58.0277927287442,57.222335648756726
1731413740474846000,1731413740395116413,False,True,36.5,37.75,58.39304157262455,58.0277927287442,57.222335648756726
1731413743555150000,1731413743475105494,False,True,36.5,37.75,58.18322829569673,58.0277927287442,57.222335648756726
1731413746476210000,1731413746395314155,False,True,36.5,37.75,57.97530907328339,58.0277927287442,57.222335648756726
1731413749475053000,1731413749405130356,False,True,36.5,37.75,57.76956463986939,58.0277927287442,57.222335648756726
1731413752485040000,1731413752395006524,False,True,36.5,37.75,57.56623799544593,58.0277927287442,57.222335648756726
1731413755494749000,1731413755415261269,False,True,36.5,37.75,57.365538190118855,58.0277927287442,57.222335648756726
1731413758515010000,1731413758436078676,True,True,36.5,37.75,57.167643752171536,58.0277927287442,57.222335648756726
1731413761475093000,1731413761395582929,False,True,36.5,37.75,58.36496020225428,58.0277927287442,57.222335648756726
1731413764475285000,1731413764395249623,False,True,36.5,37.75,58.151962770785055,58.0277927287442,57.222335648756726
1731413767562241000,1731413767475249039,False,True,36.5,37.75,57.94117469144974,58.0277927287442,57.222335648756726
1731413770555372000,1731413770475706417,False,True,36.5,37.75,57.73697756915532,58.0277927287442,57.222335648756726
1731413773475355000,1731413773395219599,False,True,36.5,37.75,57.53509745368778,58.0277927287442,57.222335648756726
1731413776514780000,1731413776435091044,False,True,36.5,37.75,57.335751585186365,58.0277927287442,57.222335648756726
1731413779521993000,1731413779435133931,True,True,36.5,37.75,57.13902201460177,57.95149306301988,57.145267474977345
1731413782474839000,1731413782394940768,False,True,36.5,37.75,58.34156777099721,58.0277927287442,57.222335648756726
1731413785515789000,1731413785445127248,False,True,36.5,37.75,58.13744391774935,58.0277927287442,57.222335648756726
1731413788479302000,1731413788395255759,False,True,36.5,37.75,57.93479201388352,58.0277927287442,57.222335648756726
1731413791515132000,1731413791435166110,False,True,36.5,37.75,57.73392899884701,58.0277927287442,57.222335648756726
1731413794475025000,1731413794395243204,False,True,36.5,37.75,57.5351308137453,58.0277927287442,57.222335648756726
1731413797562814000,1731413797475092743,False,True,36.5,37.75,57.338636484626704,58.0277927287442,57.222335648756726
1731413800475819000,1731413800395029295,True,True,36.5,37.75,57.140586907837736,58.0277927287442,57.222335648756726
1731413803515218000,1731413803435065527,False,True,36.5,37.75,58.34196172869862,58.0277927287442,57.222335648756726
1731413806475197000,1731413806395203631,False,True,36.5,37.75,58.13273665284986,58.0277927287442,57.222335648756726
1731413809475130000,1731413809395353789,False,True,36.5,37.75,57.925458957346464,58.0277927287442,57.222335648756726
1731413812495637000,1731413812415823283,False,True,36.5,37.75,57.72040165961911,58.0277927287442,57.222335648756726
1731413815475268000,1731413815395265736,False,True,36.5,37.75,57.52186574035461,58.0277927287442,57.222335648756726
1731413818557105000,1731413818475137723,False,True,36.5,37.75,57.32157029896886,58.0277927287442,57.222335648756726
1731413821515421000,1731413821445061053,True,True,36.5,37.75,57.12413914674819,58.0277927287442,57.222335648756726
1731413824517430000,1731413824435247444,False,True,36.5,37.75,58.32610034509386,58.0277927287442,57.222335648756726
1731413827595076000,1731413827525354895,False,True,36.5,37.75,58.11743189994699,58.0277927287442,57.222335648756726
1731413830665190000,1731413830595258833,False,True,36.5,37.75,57.910683193866994,58.0277927287442,57.222335648756726
1731413833516186000,1731413833435180527,False,True,36.5,37.75,57.7061291724832,58.0277927287442,57.222335648756726
1731413836515094000,1731413836445408735,False,True,36.5,37.75,57.50411328759303,58.10532303423826,57.30064685759705
1731413839516386000,1731413839435030497,False,True,36.5,37.75,57.30472188455984,58.0277927287442,57.222335648756726
1731413842522380000,1731413842435097485,True,True,36.5,37.75,57.112195531897136,58.0277927287442,57.222335648756726
1731413845926328000,1731413845795363466,False,True,36.5,37.75,58.31864888566224,58.0277927287442,57.222335648756726
1731413848585391000,1731413848515067908,False,True,36.5,37.75,58.11409692555951,58.0277927287442,57.222335648756726
1731413851555790000,1731413851475265222,False,True,36.5,37.75,57.911122630447416,58.0277927287442,57.222335648756726
1731413854525025000,1731413854445121468,False,True,36.5,37.75,57.71003147504562,58.0277927287442,57.222335648756726
1731413857515091000,1731413857435225867,False,True,36.5,37.75,57.511089036483504,58.0277927287442,57.222335648756726
1731413860516414000,1731413860434974586,False,True,36.5,37.75,57.31046006112808,58.0277927287442,57.222335648756726
1731413863555570000,1731413863475238041,True,True,36.5,37.75,57.11682562587584,58.0277927287442,57.222335648756726
1731413866515440000,1731413866435244508,False,True,36.5,37.75,58.318223145027986,58.0277927287442,57.222335648756726
1731413869526137000,1731413869445377247,False,True,36.5,37.75,58.109075229306455,58.0277927287442,57.222335648756726
1731413872515213000,1731413872445119998,False,True,36.5,37.75,57.901922664451334,58.0277927287442,57.222335648756726
1731413875515835000,1731413875435237393,False,True,36.5,37.75,57.69290213573401,58.0277927287442,57.222335648756726
1731413878550479000,1731413878435347757,False,True,36.5,37.75,57.49086499294481,58.0277927287442,57.222335648756726
1731413881595794000,1731413881475149946,False,True,36.5,37.75,57.29148665469017,58.0277927287442,57.222335648756726
1731413884579140000,1731413884515476940,True,True,36.5,37.75,57.094938770151046,58.0277927287442,57.222335648756726
1731413887556384000,1731413887475161917,False,True,36.5,37.75,58.29362071702659,58.0277927287442,57.222335648756726
1731413890714923000,1731413890595195958,False,True,36.5,37.75,58.08200224847455,58.0277927287442,57.222335648756726
1731413893585565000,1731413893515048192,False,True,36.5,37.75,57.872601722708445,58.0277927287442,57.222335648756726
1731413896555685000,1731413896475298327,False,True,36.5,37.75,57.67386132693254,58.0277927287442,57.222335648756726
1731413899563665000,1731413899475157747,False,True,36.5,37.75,57.47301954339326,58.0277927287442,57.222335648756726
1731413902526700000,1731413902445693706,False,True,36.5,37.75,57.27474107949356,58.0277927287442,57.222335648756726
1731413905675274000,1731413905595202760,True,True,36.5,37.75,57.07920599479877,58.0277927287442,57.222335648756726
1731413908558643000,1731413908475319606,False,True,36.5,37.75,58.27882131302282,58.0277927287442,57.222335648756726
1731413911555733000,1731413911475268705,False,True,36.5,37.75,58.068063739081396,58.0277927287442,57.222335648756726
1731413914635663000,1731413914475298527,False,True,36.5,37.75,57.859457952353594,58.0277927287442,57.222335648756726
1731413917595401000,1731413917515247626,False,True,36.5,37.75,57.653256497432004,58.0277927287442,57.222335648756726
1731413920555937000,1731413920475776636,False,True,36.5,37.75,57.44967689628596,58.0277927287442,57.222335648756726
1731413923546115000,1731413923475099241,False,True,36.5,37.75,57.253035657216124,58.0277927287442,57.222335648756726
1731413926555718000,1731413926475118904,True,True,36.5,37.75,57.054869957925895,58.0277927287442,57.222335648756726
1731413929563464000,1731413929475171588,False,True,36.5,37.75,58.25621968076004,58.0277927287442,57.222335648756726
1731413932555678000,1731413932475260017,False,True,36.5,37.75,58.047050052640685,58.0277927287442,57.222335648756726
1731413935595657000,1731413935515152200,False,True,36.5,37.75,57.83989889145304,58.0277927287442,57.222335648756726
1731413938605542000,1731413938525120330,False,True,36.5,37.75,57.63503067970897,58.0277927287442,57.222335648756726
1731413941604363000,1731413941515143638,False,True,36.5,37.75,57.432673787007694,58.0277927287442,57.222335648756726
1731413944625549000,1731413944555086259,False,True,36.5,37.75,57.23715457913929,58.0277927287442,57.222335648756726
1731413947605832000,1731413947525432643,True,True,36.5,37.75,57.040019192090746,58.0277927287442,57.222335648756726
1731413950715851000,1731413950635207422,False,True,36.5,37.75,58.242315649853126,58.0277927287442,57.222335648756726
1731413953595889000,1731413953515247836,False,True,36.5,37.75,58.03401657933,58.0277927287442,57.222335648756726
1731413956630549000,1731413956525567934,False,True,36.5,37.75,57.827666524798744,58.0277927287442,57.222335648756726
1731413959596657000,1731413959515209144,False,True,36.5,37.75,57.6317314743823,58.0277927287442,57.222335648756726
1731413962686853000,1731413962555072180,False,True,36.5,37.75,57.437536458953204,58.0277927287442,57.222335648756726
1731413965615599000,1731413965554997562,False,True,36.5,37.75,57.237151648911414,58.0277927287442,57.222335648756726
1731413968545611000,1731413968475243950,True,True,36.5,37.75,57.043846409597286,58.0277927287442,57.222335648756726
1731413971635715000,1731413971559951316,False,True,36.5,37.75,58.24551843297773,58.0277927287442,57.222335648756726
1731413974595772000,1731413974515196325,False,True,36.5,37.75,58.040724438323124,58.0277927287442,57.222335648756726
1731413977648634000,1731413977515014258,False,True,36.5,37.75,57.833519109949584,58.0277927287442,57.222335648756726
1731413980556529000,1731413980475350715,False,True,36.5,37.75,57.62861834565613,58.0277927287442,57.222335648756726
1731413983555806000,1731413983485391456,False,True,36.5,37.75,57.43037856778498,58.0277927287442,57.222335648756726
1731413986639666000,1731413986555840253,False,True,36.5,37.75,57.234503390851145,58.0277927287442,57.222335648756726
1731413989598259000,1731413989515265203,True,True,36.5,37.75,57.041190102882595,58.0277927287442,57.222335648756726
1731413992756016000,1731413992675395197,False,True,36.5,37.75,58.242861397767996,58.0277927287442,57.222335648756726
1731413995595815000,1731413995515321881,False,True,36.5,37.75,58.03400823504706,58.0277927287442,57.222335648756726
1731413998596227000,1731413998525688031,False,True,36.5,37.75,57.83129873984853,58.0277927287442,57.222335648756726
1731414001676078000,1731414001595183696,False,True,36.5,37.75,57.626376695718385,58.0277927287442,57.222335648756726
1731414004672025000,1731414004515268535,False,True,36.5,37.75,57.42812349288918,58.0277927287442,57.222335648756726
1731414007585910000,1731414007486143131,False,True,36.5,37.75,57.23224186870155,58.0277927287442,57.222335648756726
1731414010695668000,1731414010615313802,True,True,36.5,37.75,57.0389283187899,58.0277927287442,57.222335648756726
1731414013795632000,1731414013715305154,False,True,36.5,37.75,58.240604821519625,58.0277927287442,57.222335648756726
1731414016644512000,1731414016565261667,False,True,36.5,37.75,58.0316577488191,57.95149306301988,57.145267474977345
1731414019616679000,1731414019516358201,False,True,36.5,37.75,57.82463645075293,57.95149306301988,57.145267474977345
1731414022596538000,1731414022515267492,False,True,36.5,37.75,57.61991977148168,58.0277927287442,57.222335648756726
1731414025643467000,1731414025565251805,False,True,36.5,37.75,57.417629265458565,57.95149306301988,57.145267474977345
1731414028595891000,1731414028515377745,False,True,36.5,37.75,57.21797052018331,57.95149306301988,57.145267474977345
1731414031596520000,1731414031525237264,True,True,36.5,37.75,57.021118990407444,57.95149306301988,57.145267474977345
1731414034596102000,1731414034525268291,False,True,36.5,37.75,58.22360795172858,57.95149306301988,57.145267474977345
1731414037635947000,1731414037555059662,False,True,36.5,37.75,58.01542014528842,57.95149306301988,57.145267474977345
1731414040643922000,1731414040555156384,False,True,36.5,37.75,57.80910925392282,57.95149306301988,57.145267474977345
1731414043599979000,1731414043515214299,False,True,36.5,37.75,57.604954128628286,57.95149306301988,57.145267474977345
1731414046596823000,1731414046515331239,False,True,36.5,37.75,57.40330009151136,58.0277927287442,57.222335648756726
1731414049616124000,1731414049525106664,False,True,36.5,37.75,57.20423858375442,57.95149306301988,57.145267474977345
1731414052675888000,1731414052595273820,True,True,36.5,37.75,57.00794816611147,57.95149306301988,57.145267474977345
1731414055596070000,1731414055515311033,False,True,36.5,37.75,58.21096494744004,57.95149306301988,57.145267474977345
1731414058595799000,1731414058515040989,False,True,36.5,37.75,57.99914377710301,57.95149306301988,57.145267474977345
